{
  "ABIRoot": {
    "kind": "Root",
    "name": "TopLevel",
    "printedName": "TopLevel",
    "children": [
      {
        "kind": "Import",
        "name": "Foundation",
        "printedName": "Foundation",
        "declKind": "Import",
        "moduleName": "Digioh",
        "declAttributes": [
          "RawDocComment"
        ]
      },
      {
        "kind": "Import",
        "name": "UIKit",
        "printedName": "UIKit",
        "declKind": "Import",
        "moduleName": "Digioh",
        "declAttributes": [
          "RawDocComment"
        ]
      },
      {
        "kind": "Import",
        "name": "WebKit",
        "printedName": "WebKit",
        "declKind": "Import",
        "moduleName": "Digioh"
      },
      {
        "kind": "TypeDecl",
        "name": "WebVC",
        "printedName": "WebVC",
        "children": [
          {
            "kind": "Var",
            "name": "boxId",
            "printedName": "boxId",
            "children": [
              {
                "kind": "TypeNominal",
                "name": "Optional",
                "printedName": "Swift.UInt?",
                "children": [
                  {
                    "kind": "TypeNominal",
                    "name": "UInt",
                    "printedName": "Swift.UInt",
                    "usr": "s:Su"
                  }
                ],
                "usr": "s:Sq"
              }
            ],
            "declKind": "Var",
            "usr": "s:6Digioh5WebVCC5boxIdSuSgvp",
            "mangledName": "$s6Digioh5WebVCC5boxIdSuSgvp",
            "moduleName": "Digioh",
            "declAttributes": [
              "Custom",
              "HasInitialValue",
              "HasStorage",
              "AccessControl"
            ],
            "hasStorage": true,
            "accessors": [
              {
                "kind": "Accessor",
                "name": "Get",
                "printedName": "Get()",
                "children": [
                  {
                    "kind": "TypeNominal",
                    "name": "Optional",
                    "printedName": "Swift.UInt?",
                    "children": [
                      {
                        "kind": "TypeNominal",
                        "name": "UInt",
                        "printedName": "Swift.UInt",
                        "usr": "s:Su"
                      }
                    ],
                    "usr": "s:Sq"
                  }
                ],
                "declKind": "Accessor",
                "usr": "s:6Digioh5WebVCC5boxIdSuSgvg",
                "mangledName": "$s6Digioh5WebVCC5boxIdSuSgvg",
                "moduleName": "Digioh",
                "implicit": true,
                "accessorKind": "get"
              },
              {
                "kind": "Accessor",
                "name": "Set",
                "printedName": "Set()",
                "children": [
                  {
                    "kind": "TypeNominal",
                    "name": "Void",
                    "printedName": "()"
                  },
                  {
                    "kind": "TypeNominal",
                    "name": "Optional",
                    "printedName": "Swift.UInt?",
                    "children": [
                      {
                        "kind": "TypeNominal",
                        "name": "UInt",
                        "printedName": "Swift.UInt",
                        "usr": "s:Su"
                      }
                    ],
                    "usr": "s:Sq"
                  }
                ],
                "declKind": "Accessor",
                "usr": "s:6Digioh5WebVCC5boxIdSuSgvs",
                "mangledName": "$s6Digioh5WebVCC5boxIdSuSgvs",
                "moduleName": "Digioh",
                "implicit": true,
                "accessorKind": "set"
              },
              {
                "kind": "Accessor",
                "name": "Modify",
                "printedName": "Modify()",
                "children": [
                  {
                    "kind": "TypeNominal",
                    "name": "Void",
                    "printedName": "()"
                  }
                ],
                "declKind": "Accessor",
                "usr": "s:6Digioh5WebVCC5boxIdSuSgvM",
                "mangledName": "$s6Digioh5WebVCC5boxIdSuSgvM",
                "moduleName": "Digioh",
                "implicit": true,
                "accessorKind": "_modify"
              }
            ]
          },
          {
            "kind": "Function",
            "name": "viewDidLoad",
            "printedName": "viewDidLoad()",
            "children": [
              {
                "kind": "TypeNominal",
                "name": "Void",
                "printedName": "()"
              }
            ],
            "declKind": "Func",
            "usr": "c:@M@Digioh@objc(cs)WebVC(im)viewDidLoad",
            "mangledName": "$s6Digioh5WebVCC11viewDidLoadyyF",
            "moduleName": "Digioh",
            "overriding": true,
            "objc_name": "viewDidLoad",
            "declAttributes": [
              "Dynamic",
              "ObjC",
              "Custom",
              "Override",
              "AccessControl"
            ],
            "funcSelfKind": "NonMutating"
          },
          {
            "kind": "Constructor",
            "name": "init",
            "printedName": "init(nibName:bundle:)",
            "children": [
              {
                "kind": "TypeNominal",
                "name": "WebVC",
                "printedName": "Digioh.WebVC",
                "usr": "c:@M@Digioh@objc(cs)WebVC"
              },
              {
                "kind": "TypeNominal",
                "name": "Optional",
                "printedName": "Swift.String?",
                "children": [
                  {
                    "kind": "TypeNominal",
                    "name": "String",
                    "printedName": "Swift.String",
                    "usr": "s:SS"
                  }
                ],
                "usr": "s:Sq"
              },
              {
                "kind": "TypeNominal",
                "name": "Optional",
                "printedName": "Foundation.Bundle?",
                "children": [
                  {
                    "kind": "TypeNominal",
                    "name": "Bundle",
                    "printedName": "Foundation.Bundle",
                    "usr": "c:objc(cs)NSBundle"
                  }
                ],
                "usr": "s:Sq"
              }
            ],
            "declKind": "Constructor",
            "usr": "c:@M@Digioh@objc(cs)WebVC(im)initWithNibName:bundle:",
            "mangledName": "$s6Digioh5WebVCC7nibName6bundleACSSSg_So8NSBundleCSgtcfc",
            "moduleName": "Digioh",
            "overriding": true,
            "implicit": true,
            "objc_name": "initWithNibName:bundle:",
            "declAttributes": [
              "Dynamic",
              "ObjC",
              "Custom",
              "Override"
            ],
            "init_kind": "Designated"
          },
          {
            "kind": "Constructor",
            "name": "init",
            "printedName": "init(coder:)",
            "children": [
              {
                "kind": "TypeNominal",
                "name": "Optional",
                "printedName": "Digioh.WebVC?",
                "children": [
                  {
                    "kind": "TypeNominal",
                    "name": "WebVC",
                    "printedName": "Digioh.WebVC",
                    "usr": "c:@M@Digioh@objc(cs)WebVC"
                  }
                ],
                "usr": "s:Sq"
              },
              {
                "kind": "TypeNominal",
                "name": "NSCoder",
                "printedName": "Foundation.NSCoder",
                "usr": "c:objc(cs)NSCoder"
              }
            ],
            "declKind": "Constructor",
            "usr": "c:@M@Digioh@objc(cs)WebVC(im)initWithCoder:",
            "mangledName": "$s6Digioh5WebVCC5coderACSgSo7NSCoderC_tcfc",
            "moduleName": "Digioh",
            "overriding": true,
            "implicit": true,
            "objc_name": "initWithCoder:",
            "declAttributes": [
              "Dynamic",
              "ObjC",
              "Custom",
              "Required"
            ],
            "init_kind": "Designated"
          },
          {
            "kind": "Function",
            "name": "webView",
            "printedName": "webView(_:createWebViewWith:for:windowFeatures:)",
            "children": [
              {
                "kind": "TypeNominal",
                "name": "Optional",
                "printedName": "WebKit.WKWebView?",
                "children": [
                  {
                    "kind": "TypeNominal",
                    "name": "WKWebView",
                    "printedName": "WebKit.WKWebView",
                    "usr": "c:objc(cs)WKWebView"
                  }
                ],
                "usr": "s:Sq"
              },
              {
                "kind": "TypeNominal",
                "name": "WKWebView",
                "printedName": "WebKit.WKWebView",
                "usr": "c:objc(cs)WKWebView"
              },
              {
                "kind": "TypeNominal",
                "name": "WKWebViewConfiguration",
                "printedName": "WebKit.WKWebViewConfiguration",
                "usr": "c:objc(cs)WKWebViewConfiguration"
              },
              {
                "kind": "TypeNominal",
                "name": "WKNavigationAction",
                "printedName": "WebKit.WKNavigationAction",
                "usr": "c:objc(cs)WKNavigationAction"
              },
              {
                "kind": "TypeNominal",
                "name": "WKWindowFeatures",
                "printedName": "WebKit.WKWindowFeatures",
                "usr": "c:objc(cs)WKWindowFeatures"
              }
            ],
            "declKind": "Func",
            "usr": "c:@CM@Digioh@objc(cs)WebVC(im)webView:createWebViewWithConfiguration:forNavigationAction:windowFeatures:",
            "mangledName": "$s6Digioh5WebVCC7webView_06createbE4With3for14windowFeaturesSo05WKWebE0CSgAI_So0kE13ConfigurationCSo18WKNavigationActionCSo08WKWindowJ0CtF",
            "moduleName": "Digioh",
            "objc_name": "webView:createWebViewWithConfiguration:forNavigationAction:windowFeatures:",
            "declAttributes": [
              "Dynamic",
              "ObjC",
              "Custom",
              "AccessControl"
            ],
            "isFromExtension": true,
            "funcSelfKind": "NonMutating"
          }
        ],
        "declKind": "Class",
        "usr": "c:@M@Digioh@objc(cs)WebVC",
        "mangledName": "$s6Digioh5WebVCC",
        "moduleName": "Digioh",
        "declAttributes": [
          "Custom",
          "AccessControl",
          "ObjC"
        ],
        "superclassUsr": "c:objc(cs)UIViewController",
        "inheritsConvenienceInitializers": true,
        "superclassNames": [
          "UIKit.UIViewController",
          "UIKit.UIResponder",
          "ObjectiveC.NSObject"
        ],
        "conformances": [
          {
            "kind": "Conformance",
            "name": "Equatable",
            "printedName": "Equatable",
            "usr": "s:SQ",
            "mangledName": "$sSQ"
          },
          {
            "kind": "Conformance",
            "name": "Hashable",
            "printedName": "Hashable",
            "usr": "s:SH",
            "mangledName": "$sSH"
          },
          {
            "kind": "Conformance",
            "name": "CVarArg",
            "printedName": "CVarArg",
            "usr": "s:s7CVarArgP",
            "mangledName": "$ss7CVarArgP"
          },
          {
            "kind": "Conformance",
            "name": "_KeyValueCodingAndObservingPublishing",
            "printedName": "_KeyValueCodingAndObservingPublishing",
            "usr": "s:10Foundation37_KeyValueCodingAndObservingPublishingP",
            "mangledName": "$s10Foundation37_KeyValueCodingAndObservingPublishingP"
          },
          {
            "kind": "Conformance",
            "name": "_KeyValueCodingAndObserving",
            "printedName": "_KeyValueCodingAndObserving",
            "usr": "s:10Foundation27_KeyValueCodingAndObservingP",
            "mangledName": "$s10Foundation27_KeyValueCodingAndObservingP"
          },
          {
            "kind": "Conformance",
            "name": "CustomStringConvertible",
            "printedName": "CustomStringConvertible",
            "usr": "s:s23CustomStringConvertibleP",
            "mangledName": "$ss23CustomStringConvertibleP"
          },
          {
            "kind": "Conformance",
            "name": "CustomDebugStringConvertible",
            "printedName": "CustomDebugStringConvertible",
            "usr": "s:s28CustomDebugStringConvertibleP",
            "mangledName": "$ss28CustomDebugStringConvertibleP"
          }
        ]
      },
      {
        "kind": "Import",
        "name": "Foundation",
        "printedName": "Foundation",
        "declKind": "Import",
        "moduleName": "Digioh",
        "declAttributes": [
          "RawDocComment"
        ]
      },
      {
        "kind": "TypeDecl",
        "name": "HTTPClient",
        "printedName": "HTTPClient",
        "children": [
          {
            "kind": "Function",
            "name": "get",
            "printedName": "get(from:completion:)",
            "children": [
              {
                "kind": "TypeNominal",
                "name": "Void",
                "printedName": "()"
              },
              {
                "kind": "TypeNominal",
                "name": "URLRequest",
                "printedName": "Foundation.URLRequest",
                "usr": "s:10Foundation10URLRequestV"
              },
              {
                "kind": "TypeFunc",
                "name": "Function",
                "printedName": "(Swift.Result<(Foundation.Data, Foundation.HTTPURLResponse), Swift.Error>) -> ()",
                "children": [
                  {
                    "kind": "TypeNominal",
                    "name": "Void",
                    "printedName": "()"
                  },
                  {
                    "kind": "TypeNominal",
                    "name": "Result",
                    "printedName": "Swift.Result<(Foundation.Data, Foundation.HTTPURLResponse), Swift.Error>",
                    "children": [
                      {
                        "kind": "TypeNominal",
                        "name": "Tuple",
                        "printedName": "(Foundation.Data, Foundation.HTTPURLResponse)",
                        "children": [
                          {
                            "kind": "TypeNominal",
                            "name": "Data",
                            "printedName": "Foundation.Data",
                            "usr": "s:10Foundation4DataV"
                          },
                          {
                            "kind": "TypeNominal",
                            "name": "HTTPURLResponse",
                            "printedName": "Foundation.HTTPURLResponse",
                            "usr": "c:objc(cs)NSHTTPURLResponse"
                          }
                        ]
                      },
                      {
                        "kind": "TypeNominal",
                        "name": "Error",
                        "printedName": "Swift.Error",
                        "usr": "s:s5ErrorP"
                      }
                    ],
                    "usr": "s:s6ResultO"
                  }
                ]
              }
            ],
            "declKind": "Func",
            "usr": "s:6Digioh10HTTPClientP3get4from10completiony10Foundation10URLRequestV_ys6ResultOyAG4DataV_So17NSHTTPURLResponseCts5Error_pGctF",
            "mangledName": "$s6Digioh10HTTPClientP3get4from10completiony10Foundation10URLRequestV_ys6ResultOyAG4DataV_So17NSHTTPURLResponseCts5Error_pGctF",
            "moduleName": "Digioh",
            "genericSig": "<τ_0_0 where τ_0_0 : Digioh.HTTPClient>",
            "sugared_genericSig": "<Self where Self : Digioh.HTTPClient>",
            "protocolReq": true,
            "declAttributes": [
              "RawDocComment"
            ],
            "reqNewWitnessTableEntry": true,
            "funcSelfKind": "NonMutating"
          }
        ],
        "declKind": "Protocol",
        "usr": "s:6Digioh10HTTPClientP",
        "mangledName": "$s6Digioh10HTTPClientP",
        "moduleName": "Digioh",
        "declAttributes": [
          "AccessControl"
        ]
      },
      {
        "kind": "Import",
        "name": "Foundation",
        "printedName": "Foundation",
        "declKind": "Import",
        "moduleName": "Digioh",
        "declAttributes": [
          "RawDocComment"
        ]
      },
      {
        "kind": "TypeDecl",
        "name": "BoxLoader",
        "printedName": "BoxLoader",
        "children": [
          {
            "kind": "Function",
            "name": "checkShowBoxes",
            "printedName": "checkShowBoxes(params:completion:)",
            "children": [
              {
                "kind": "TypeNominal",
                "name": "Void",
                "printedName": "()"
              },
              {
                "kind": "TypeNominal",
                "name": "Optional",
                "printedName": "Swift.String?",
                "children": [
                  {
                    "kind": "TypeNominal",
                    "name": "String",
                    "printedName": "Swift.String",
                    "usr": "s:SS"
                  }
                ],
                "usr": "s:Sq"
              },
              {
                "kind": "TypeFunc",
                "name": "Function",
                "printedName": "(Swift.Result<[Swift.UInt], Swift.Error>) -> ()",
                "children": [
                  {
                    "kind": "TypeNominal",
                    "name": "Void",
                    "printedName": "()"
                  },
                  {
                    "kind": "TypeNominal",
                    "name": "Result",
                    "printedName": "Swift.Result<[Swift.UInt], Swift.Error>",
                    "children": [
                      {
                        "kind": "TypeNominal",
                        "name": "Array",
                        "printedName": "[Swift.UInt]",
                        "children": [
                          {
                            "kind": "TypeNominal",
                            "name": "UInt",
                            "printedName": "Swift.UInt",
                            "usr": "s:Su"
                          }
                        ],
                        "usr": "s:Sa"
                      },
                      {
                        "kind": "TypeNominal",
                        "name": "Error",
                        "printedName": "Swift.Error",
                        "usr": "s:s5ErrorP"
                      }
                    ],
                    "usr": "s:s6ResultO"
                  }
                ]
              }
            ],
            "declKind": "Func",
            "usr": "s:6Digioh9BoxLoaderP14checkShowBoxes6params10completionySSSg_ys6ResultOySaySuGs5Error_pGctF",
            "mangledName": "$s6Digioh9BoxLoaderP14checkShowBoxes6params10completionySSSg_ys6ResultOySaySuGs5Error_pGctF",
            "moduleName": "Digioh",
            "genericSig": "<τ_0_0 where τ_0_0 : Digioh.BoxLoader>",
            "sugared_genericSig": "<Self where Self : Digioh.BoxLoader>",
            "protocolReq": true,
            "reqNewWitnessTableEntry": true,
            "funcSelfKind": "NonMutating"
          }
        ],
        "declKind": "Protocol",
        "usr": "s:6Digioh9BoxLoaderP",
        "mangledName": "$s6Digioh9BoxLoaderP",
        "moduleName": "Digioh",
        "declAttributes": [
          "AccessControl"
        ]
      },
      {
        "kind": "Import",
        "name": "UIKit",
        "printedName": "UIKit",
        "declKind": "Import",
        "moduleName": "Digioh",
        "declAttributes": [
          "RawDocComment"
        ]
      },
      {
        "kind": "Import",
        "name": "Foundation",
        "printedName": "Foundation",
        "declKind": "Import",
        "moduleName": "Digioh"
      },
      {
        "kind": "Import",
        "name": "UIKit",
        "printedName": "UIKit",
        "declKind": "Import",
        "moduleName": "Digioh",
        "declAttributes": [
          "RawDocComment"
        ]
      },
      {
        "kind": "TypeDecl",
        "name": "DigiohWeb",
        "printedName": "DigiohWeb",
        "children": [
          {
            "kind": "TypeDecl",
            "name": "Error",
            "printedName": "Error",
            "children": [
              {
                "kind": "Var",
                "name": "connectivity",
                "printedName": "connectivity",
                "children": [
                  {
                    "kind": "TypeFunc",
                    "name": "Function",
                    "printedName": "(Digioh.DigiohWeb.Error.Type) -> Digioh.DigiohWeb.Error",
                    "children": [
                      {
                        "kind": "TypeNominal",
                        "name": "Error",
                        "printedName": "Digioh.DigiohWeb.Error",
                        "usr": "s:6Digioh0A3WebC5ErrorO"
                      },
                      {
                        "kind": "TypeNominal",
                        "name": "Metatype",
                        "printedName": "Digioh.DigiohWeb.Error.Type",
                        "children": [
                          {
                            "kind": "TypeNominal",
                            "name": "Error",
                            "printedName": "Digioh.DigiohWeb.Error",
                            "usr": "s:6Digioh0A3WebC5ErrorO"
                          }
                        ]
                      }
                    ]
                  }
                ],
                "declKind": "EnumElement",
                "usr": "s:6Digioh0A3WebC5ErrorO12connectivityyA2EmF",
                "mangledName": "$s6Digioh0A3WebC5ErrorO12connectivityyA2EmF",
                "moduleName": "Digioh"
              },
              {
                "kind": "Var",
                "name": "invalidData",
                "printedName": "invalidData",
                "children": [
                  {
                    "kind": "TypeFunc",
                    "name": "Function",
                    "printedName": "(Digioh.DigiohWeb.Error.Type) -> Digioh.DigiohWeb.Error",
                    "children": [
                      {
                        "kind": "TypeNominal",
                        "name": "Error",
                        "printedName": "Digioh.DigiohWeb.Error",
                        "usr": "s:6Digioh0A3WebC5ErrorO"
                      },
                      {
                        "kind": "TypeNominal",
                        "name": "Metatype",
                        "printedName": "Digioh.DigiohWeb.Error.Type",
                        "children": [
                          {
                            "kind": "TypeNominal",
                            "name": "Error",
                            "printedName": "Digioh.DigiohWeb.Error",
                            "usr": "s:6Digioh0A3WebC5ErrorO"
                          }
                        ]
                      }
                    ]
                  }
                ],
                "declKind": "EnumElement",
                "usr": "s:6Digioh0A3WebC5ErrorO11invalidDatayA2EmF",
                "mangledName": "$s6Digioh0A3WebC5ErrorO11invalidDatayA2EmF",
                "moduleName": "Digioh"
              },
              {
                "kind": "Function",
                "name": "==",
                "printedName": "==(_:_:)",
                "children": [
                  {
                    "kind": "TypeNominal",
                    "name": "Bool",
                    "printedName": "Swift.Bool",
                    "usr": "s:Sb"
                  },
                  {
                    "kind": "TypeNominal",
                    "name": "Error",
                    "printedName": "Digioh.DigiohWeb.Error",
                    "usr": "s:6Digioh0A3WebC5ErrorO"
                  },
                  {
                    "kind": "TypeNominal",
                    "name": "Error",
                    "printedName": "Digioh.DigiohWeb.Error",
                    "usr": "s:6Digioh0A3WebC5ErrorO"
                  }
                ],
                "declKind": "Func",
                "usr": "s:6Digioh0A3WebC5ErrorO2eeoiySbAE_AEtFZ",
                "mangledName": "$s6Digioh0A3WebC5ErrorO2eeoiySbAE_AEtFZ",
                "moduleName": "Digioh",
                "static": true,
                "implicit": true,
                "funcSelfKind": "NonMutating"
              },
              {
                "kind": "Var",
                "name": "hashValue",
                "printedName": "hashValue",
                "children": [
                  {
                    "kind": "TypeNominal",
                    "name": "Int",
                    "printedName": "Swift.Int",
                    "usr": "s:Si"
                  }
                ],
                "declKind": "Var",
                "usr": "s:6Digioh0A3WebC5ErrorO9hashValueSivp",
                "mangledName": "$s6Digioh0A3WebC5ErrorO9hashValueSivp",
                "moduleName": "Digioh",
                "implicit": true,
                "accessors": [
                  {
                    "kind": "Accessor",
                    "name": "Get",
                    "printedName": "Get()",
                    "children": [
                      {
                        "kind": "TypeNominal",
                        "name": "Int",
                        "printedName": "Swift.Int",
                        "usr": "s:Si"
                      }
                    ],
                    "declKind": "Accessor",
                    "usr": "s:6Digioh0A3WebC5ErrorO9hashValueSivg",
                    "mangledName": "$s6Digioh0A3WebC5ErrorO9hashValueSivg",
                    "moduleName": "Digioh",
                    "implicit": true,
                    "accessorKind": "get"
                  }
                ]
              },
              {
                "kind": "Function",
                "name": "hash",
                "printedName": "hash(into:)",
                "children": [
                  {
                    "kind": "TypeNominal",
                    "name": "Void",
                    "printedName": "()"
                  },
                  {
                    "kind": "TypeNominal",
                    "name": "Hasher",
                    "printedName": "Swift.Hasher",
                    "paramValueOwnership": "InOut",
                    "usr": "s:s6HasherV"
                  }
                ],
                "declKind": "Func",
                "usr": "s:6Digioh0A3WebC5ErrorO4hash4intoys6HasherVz_tF",
                "mangledName": "$s6Digioh0A3WebC5ErrorO4hash4intoys6HasherVz_tF",
                "moduleName": "Digioh",
                "implicit": true,
                "funcSelfKind": "NonMutating"
              }
            ],
            "declKind": "Enum",
            "usr": "s:6Digioh0A3WebC5ErrorO",
            "mangledName": "$s6Digioh0A3WebC5ErrorO",
            "moduleName": "Digioh",
            "declAttributes": [
              "AccessControl"
            ],
            "conformances": [
              {
                "kind": "Conformance",
                "name": "Equatable",
                "printedName": "Equatable",
                "usr": "s:SQ",
                "mangledName": "$sSQ"
              },
              {
                "kind": "Conformance",
                "name": "Hashable",
                "printedName": "Hashable",
                "usr": "s:SH",
                "mangledName": "$sSH"
              },
              {
                "kind": "Conformance",
                "name": "Error",
                "printedName": "Error",
                "usr": "s:s5ErrorP",
                "mangledName": "$ss5ErrorP"
              },
              {
                "kind": "Conformance",
                "name": "Sendable",
                "printedName": "Sendable",
                "usr": "s:s8SendableP",
                "mangledName": "$ss8SendableP"
              }
            ]
          },
          {
            "kind": "Constructor",
            "name": "init",
            "printedName": "init(userGId:)",
            "children": [
              {
                "kind": "TypeNominal",
                "name": "DigiohWeb",
                "printedName": "Digioh.DigiohWeb",
                "usr": "s:6Digioh0A3WebC"
              },
              {
                "kind": "TypeNominal",
                "name": "String",
                "printedName": "Swift.String",
                "usr": "s:SS"
              }
            ],
            "declKind": "Constructor",
            "usr": "s:6Digioh0A3WebC7userGIdACSS_tcfc",
            "mangledName": "$s6Digioh0A3WebC7userGIdACSS_tcfc",
            "moduleName": "Digioh",
            "declAttributes": [
              "AccessControl"
            ],
            "init_kind": "Designated"
          },
          {
            "kind": "Function",
            "name": "checkShowBoxes",
            "printedName": "checkShowBoxes(params:completion:)",
            "children": [
              {
                "kind": "TypeNominal",
                "name": "Void",
                "printedName": "()"
              },
              {
                "kind": "TypeNominal",
                "name": "Optional",
                "printedName": "Swift.String?",
                "children": [
                  {
                    "kind": "TypeNominal",
                    "name": "String",
                    "printedName": "Swift.String",
                    "usr": "s:SS"
                  }
                ],
                "usr": "s:Sq"
              },
              {
                "kind": "TypeFunc",
                "name": "Function",
                "printedName": "(Swift.Result<[Swift.UInt], Swift.Error>) -> ()",
                "children": [
                  {
                    "kind": "TypeNominal",
                    "name": "Void",
                    "printedName": "()"
                  },
                  {
                    "kind": "TypeNominal",
                    "name": "Result",
                    "printedName": "Swift.Result<[Swift.UInt], Swift.Error>",
                    "children": [
                      {
                        "kind": "TypeNominal",
                        "name": "Array",
                        "printedName": "[Swift.UInt]",
                        "children": [
                          {
                            "kind": "TypeNominal",
                            "name": "UInt",
                            "printedName": "Swift.UInt",
                            "usr": "s:Su"
                          }
                        ],
                        "usr": "s:Sa"
                      },
                      {
                        "kind": "TypeNominal",
                        "name": "Error",
                        "printedName": "Swift.Error",
                        "usr": "s:s5ErrorP"
                      }
                    ],
                    "usr": "s:s6ResultO"
                  }
                ]
              }
            ],
            "declKind": "Func",
            "usr": "s:6Digioh0A3WebC14checkShowBoxes6params10completionySSSg_ys6ResultOySaySuGs5Error_pGctF",
            "mangledName": "$s6Digioh0A3WebC14checkShowBoxes6params10completionySSSg_ys6ResultOySaySuGs5Error_pGctF",
            "moduleName": "Digioh",
            "declAttributes": [
              "Final",
              "AccessControl"
            ],
            "funcSelfKind": "NonMutating"
          },
          {
            "kind": "Function",
            "name": "showBox",
            "printedName": "showBox(boxId:viewController:)",
            "children": [
              {
                "kind": "TypeNominal",
                "name": "Void",
                "printedName": "()"
              },
              {
                "kind": "TypeNominal",
                "name": "UInt",
                "printedName": "Swift.UInt",
                "usr": "s:Su"
              },
              {
                "kind": "TypeNominal",
                "name": "UIViewController",
                "printedName": "UIKit.UIViewController",
                "usr": "c:objc(cs)UIViewController"
              }
            ],
            "declKind": "Func",
            "usr": "s:6Digioh0A3WebC7showBox5boxId14viewControllerySu_So06UIViewH0CtF",
            "mangledName": "$s6Digioh0A3WebC7showBox5boxId14viewControllerySu_So06UIViewH0CtF",
            "moduleName": "Digioh",
            "declAttributes": [
              "Final",
              "AccessControl"
            ],
            "funcSelfKind": "NonMutating"
          }
        ],
        "declKind": "Class",
        "usr": "s:6Digioh0A3WebC",
        "mangledName": "$s6Digioh0A3WebC",
        "moduleName": "Digioh",
        "declAttributes": [
          "Final",
          "AccessControl"
        ],
        "conformances": [
          {
            "kind": "Conformance",
            "name": "BoxLoader",
            "printedName": "BoxLoader",
            "usr": "s:6Digioh9BoxLoaderP",
            "mangledName": "$s6Digioh9BoxLoaderP"
          }
        ]
      },
      {
        "kind": "Import",
        "name": "Foundation",
        "printedName": "Foundation",
        "declKind": "Import",
        "moduleName": "Digioh",
        "declAttributes": [
          "RawDocComment"
        ]
      },
      {
        "kind": "TypeDecl",
        "name": "URLSessionHTTPClient",
        "printedName": "URLSessionHTTPClient",
        "children": [
          {
            "kind": "Constructor",
            "name": "init",
            "printedName": "init(session:)",
            "children": [
              {
                "kind": "TypeNominal",
                "name": "URLSessionHTTPClient",
                "printedName": "Digioh.URLSessionHTTPClient",
                "usr": "s:6Digioh20URLSessionHTTPClientC"
              },
              {
                "kind": "TypeNominal",
                "name": "URLSession",
                "printedName": "Foundation.URLSession",
                "hasDefaultArg": true,
                "usr": "c:objc(cs)NSURLSession"
              }
            ],
            "declKind": "Constructor",
            "usr": "s:6Digioh20URLSessionHTTPClientC7sessionACSo12NSURLSessionC_tcfc",
            "mangledName": "$s6Digioh20URLSessionHTTPClientC7sessionACSo12NSURLSessionC_tcfc",
            "moduleName": "Digioh",
            "declAttributes": [
              "AccessControl"
            ],
            "init_kind": "Designated"
          },
          {
            "kind": "Function",
            "name": "get",
            "printedName": "get(from:completion:)",
            "children": [
              {
                "kind": "TypeNominal",
                "name": "Void",
                "printedName": "()"
              },
              {
                "kind": "TypeNominal",
                "name": "URLRequest",
                "printedName": "Foundation.URLRequest",
                "usr": "s:10Foundation10URLRequestV"
              },
              {
                "kind": "TypeFunc",
                "name": "Function",
                "printedName": "(Swift.Result<(Foundation.Data, Foundation.HTTPURLResponse), Swift.Error>) -> ()",
                "children": [
                  {
                    "kind": "TypeNominal",
                    "name": "Void",
                    "printedName": "()"
                  },
                  {
                    "kind": "TypeNominal",
                    "name": "Result",
                    "printedName": "Swift.Result<(Foundation.Data, Foundation.HTTPURLResponse), Swift.Error>",
                    "children": [
                      {
                        "kind": "TypeNominal",
                        "name": "Tuple",
                        "printedName": "(Foundation.Data, Foundation.HTTPURLResponse)",
                        "children": [
                          {
                            "kind": "TypeNominal",
                            "name": "Data",
                            "printedName": "Foundation.Data",
                            "usr": "s:10Foundation4DataV"
                          },
                          {
                            "kind": "TypeNominal",
                            "name": "HTTPURLResponse",
                            "printedName": "Foundation.HTTPURLResponse",
                            "usr": "c:objc(cs)NSHTTPURLResponse"
                          }
                        ]
                      },
                      {
                        "kind": "TypeNominal",
                        "name": "Error",
                        "printedName": "Swift.Error",
                        "usr": "s:s5ErrorP"
                      }
                    ],
                    "usr": "s:s6ResultO"
                  }
                ]
              }
            ],
            "declKind": "Func",
            "usr": "s:6Digioh20URLSessionHTTPClientC3get4from10completiony10Foundation10URLRequestV_ys6ResultOyAG4DataV_So17NSHTTPURLResponseCts5Error_pGctF",
            "mangledName": "$s6Digioh20URLSessionHTTPClientC3get4from10completiony10Foundation10URLRequestV_ys6ResultOyAG4DataV_So17NSHTTPURLResponseCts5Error_pGctF",
            "moduleName": "Digioh",
            "declAttributes": [
              "AccessControl"
            ],
            "funcSelfKind": "NonMutating"
          }
        ],
        "declKind": "Class",
        "usr": "s:6Digioh20URLSessionHTTPClientC",
        "mangledName": "$s6Digioh20URLSessionHTTPClientC",
        "moduleName": "Digioh",
        "declAttributes": [
          "AccessControl"
        ],
        "conformances": [
          {
            "kind": "Conformance",
            "name": "HTTPClient",
            "printedName": "HTTPClient",
            "usr": "s:6Digioh10HTTPClientP",
            "mangledName": "$s6Digioh10HTTPClientP"
          }
        ]
      },
      {
        "kind": "Import",
        "name": "Foundation",
        "printedName": "Foundation",
        "declKind": "Import",
        "moduleName": "Digioh",
        "declAttributes": [
          "RawDocComment"
        ]
      },
      {
        "kind": "TypeDecl",
        "name": "RemoteResponse",
        "printedName": "RemoteResponse",
        "children": [
          {
            "kind": "Var",
            "name": "dataSource",
            "printedName": "dataSource",
            "children": [
              {
                "kind": "TypeNominal",
                "name": "String",
                "printedName": "Swift.String",
                "usr": "s:SS"
              }
            ],
            "declKind": "Var",
            "usr": "s:6Digioh14RemoteResponseV10dataSourceSSvp",
            "mangledName": "$s6Digioh14RemoteResponseV10dataSourceSSvp",
            "moduleName": "Digioh",
            "declAttributes": [
              "HasStorage",
              "AccessControl"
            ],
            "isLet": true,
            "hasStorage": true,
            "accessors": [
              {
                "kind": "Accessor",
                "name": "Get",
                "printedName": "Get()",
                "children": [
                  {
                    "kind": "TypeNominal",
                    "name": "String",
                    "printedName": "Swift.String",
                    "usr": "s:SS"
                  }
                ],
                "declKind": "Accessor",
                "usr": "s:6Digioh14RemoteResponseV10dataSourceSSvg",
                "mangledName": "$s6Digioh14RemoteResponseV10dataSourceSSvg",
                "moduleName": "Digioh",
                "implicit": true,
                "accessorKind": "get"
              }
            ]
          },
          {
            "kind": "Var",
            "name": "message",
            "printedName": "message",
            "children": [
              {
                "kind": "TypeNominal",
                "name": "String",
                "printedName": "Swift.String",
                "usr": "s:SS"
              }
            ],
            "declKind": "Var",
            "usr": "s:6Digioh14RemoteResponseV7messageSSvp",
            "mangledName": "$s6Digioh14RemoteResponseV7messageSSvp",
            "moduleName": "Digioh",
            "declAttributes": [
              "HasStorage",
              "AccessControl"
            ],
            "isLet": true,
            "hasStorage": true,
            "accessors": [
              {
                "kind": "Accessor",
                "name": "Get",
                "printedName": "Get()",
                "children": [
                  {
                    "kind": "TypeNominal",
                    "name": "String",
                    "printedName": "Swift.String",
                    "usr": "s:SS"
                  }
                ],
                "declKind": "Accessor",
                "usr": "s:6Digioh14RemoteResponseV7messageSSvg",
                "mangledName": "$s6Digioh14RemoteResponseV7messageSSvg",
                "moduleName": "Digioh",
                "implicit": true,
                "accessorKind": "get"
              }
            ]
          },
          {
            "kind": "Var",
            "name": "boxIds",
            "printedName": "boxIds",
            "children": [
              {
                "kind": "TypeNominal",
                "name": "Array",
                "printedName": "[Swift.UInt]",
                "children": [
                  {
                    "kind": "TypeNominal",
                    "name": "UInt",
                    "printedName": "Swift.UInt",
                    "usr": "s:Su"
                  }
                ],
                "usr": "s:Sa"
              }
            ],
            "declKind": "Var",
            "usr": "s:6Digioh14RemoteResponseV6boxIdsSaySuGvp",
            "mangledName": "$s6Digioh14RemoteResponseV6boxIdsSaySuGvp",
            "moduleName": "Digioh",
            "declAttributes": [
              "HasStorage",
              "AccessControl"
            ],
            "isLet": true,
            "hasStorage": true,
            "accessors": [
              {
                "kind": "Accessor",
                "name": "Get",
                "printedName": "Get()",
                "children": [
                  {
                    "kind": "TypeNominal",
                    "name": "Array",
                    "printedName": "[Swift.UInt]",
                    "children": [
                      {
                        "kind": "TypeNominal",
                        "name": "UInt",
                        "printedName": "Swift.UInt",
                        "usr": "s:Su"
                      }
                    ],
                    "usr": "s:Sa"
                  }
                ],
                "declKind": "Accessor",
                "usr": "s:6Digioh14RemoteResponseV6boxIdsSaySuGvg",
                "mangledName": "$s6Digioh14RemoteResponseV6boxIdsSaySuGvg",
                "moduleName": "Digioh",
                "implicit": true,
                "accessorKind": "get"
              }
            ]
          },
          {
            "kind": "Var",
            "name": "success",
            "printedName": "success",
            "children": [
              {
                "kind": "TypeNominal",
                "name": "Bool",
                "printedName": "Swift.Bool",
                "usr": "s:Sb"
              }
            ],
            "declKind": "Var",
            "usr": "s:6Digioh14RemoteResponseV7successSbvp",
            "mangledName": "$s6Digioh14RemoteResponseV7successSbvp",
            "moduleName": "Digioh",
            "declAttributes": [
              "HasStorage",
              "AccessControl"
            ],
            "isLet": true,
            "hasStorage": true,
            "accessors": [
              {
                "kind": "Accessor",
                "name": "Get",
                "printedName": "Get()",
                "children": [
                  {
                    "kind": "TypeNominal",
                    "name": "Bool",
                    "printedName": "Swift.Bool",
                    "usr": "s:Sb"
                  }
                ],
                "declKind": "Accessor",
                "usr": "s:6Digioh14RemoteResponseV7successSbvg",
                "mangledName": "$s6Digioh14RemoteResponseV7successSbvg",
                "moduleName": "Digioh",
                "implicit": true,
                "accessorKind": "get"
              }
            ]
          },
          {
            "kind": "Var",
            "name": "code",
            "printedName": "code",
            "children": [
              {
                "kind": "TypeNominal",
                "name": "String",
                "printedName": "Swift.String",
                "usr": "s:SS"
              }
            ],
            "declKind": "Var",
            "usr": "s:6Digioh14RemoteResponseV4codeSSvp",
            "mangledName": "$s6Digioh14RemoteResponseV4codeSSvp",
            "moduleName": "Digioh",
            "declAttributes": [
              "HasStorage",
              "AccessControl"
            ],
            "isLet": true,
            "hasStorage": true,
            "accessors": [
              {
                "kind": "Accessor",
                "name": "Get",
                "printedName": "Get()",
                "children": [
                  {
                    "kind": "TypeNominal",
                    "name": "String",
                    "printedName": "Swift.String",
                    "usr": "s:SS"
                  }
                ],
                "declKind": "Accessor",
                "usr": "s:6Digioh14RemoteResponseV4codeSSvg",
                "mangledName": "$s6Digioh14RemoteResponseV4codeSSvg",
                "moduleName": "Digioh",
                "implicit": true,
                "accessorKind": "get"
              }
            ]
          },
          {
            "kind": "Constructor",
            "name": "init",
            "printedName": "init(boxIds:success:message:code:dataSource:)",
            "children": [
              {
                "kind": "TypeNominal",
                "name": "RemoteResponse",
                "printedName": "Digioh.RemoteResponse",
                "usr": "s:6Digioh14RemoteResponseV"
              },
              {
                "kind": "TypeNominal",
                "name": "Array",
                "printedName": "[Swift.UInt]",
                "children": [
                  {
                    "kind": "TypeNominal",
                    "name": "UInt",
                    "printedName": "Swift.UInt",
                    "usr": "s:Su"
                  }
                ],
                "usr": "s:Sa"
              },
              {
                "kind": "TypeNominal",
                "name": "Bool",
                "printedName": "Swift.Bool",
                "usr": "s:Sb"
              },
              {
                "kind": "TypeNominal",
                "name": "String",
                "printedName": "Swift.String",
                "usr": "s:SS"
              },
              {
                "kind": "TypeNominal",
                "name": "String",
                "printedName": "Swift.String",
                "usr": "s:SS"
              },
              {
                "kind": "TypeNominal",
                "name": "String",
                "printedName": "Swift.String",
                "usr": "s:SS"
              }
            ],
            "declKind": "Constructor",
            "usr": "s:6Digioh14RemoteResponseV6boxIds7success7message4code10dataSourceACSaySuG_SbS3Stcfc",
            "mangledName": "$s6Digioh14RemoteResponseV6boxIds7success7message4code10dataSourceACSaySuG_SbS3Stcfc",
            "moduleName": "Digioh",
            "declAttributes": [
              "AccessControl"
            ],
            "init_kind": "Designated"
          },
          {
            "kind": "Constructor",
            "name": "init",
            "printedName": "init(from:)",
            "children": [
              {
                "kind": "TypeNominal",
                "name": "RemoteResponse",
                "printedName": "Digioh.RemoteResponse",
                "usr": "s:6Digioh14RemoteResponseV"
              },
              {
                "kind": "TypeNominal",
                "name": "Decoder",
                "printedName": "Swift.Decoder",
                "usr": "s:s7DecoderP"
              }
            ],
            "declKind": "Constructor",
            "usr": "s:6Digioh14RemoteResponseV4fromACs7Decoder_p_tKcfc",
            "mangledName": "$s6Digioh14RemoteResponseV4fromACs7Decoder_p_tKcfc",
            "moduleName": "Digioh",
            "implicit": true,
            "throwing": true,
            "init_kind": "Designated"
          },
          {
            "kind": "Function",
            "name": "encode",
            "printedName": "encode(to:)",
            "children": [
              {
                "kind": "TypeNominal",
                "name": "Void",
                "printedName": "()"
              },
              {
                "kind": "TypeNominal",
                "name": "Encoder",
                "printedName": "Swift.Encoder",
                "usr": "s:s7EncoderP"
              }
            ],
            "declKind": "Func",
            "usr": "s:6Digioh14RemoteResponseV6encode2toys7Encoder_p_tKF",
            "mangledName": "$s6Digioh14RemoteResponseV6encode2toys7Encoder_p_tKF",
            "moduleName": "Digioh",
            "implicit": true,
            "throwing": true,
            "funcSelfKind": "NonMutating"
          }
        ],
        "declKind": "Struct",
        "usr": "s:6Digioh14RemoteResponseV",
        "mangledName": "$s6Digioh14RemoteResponseV",
        "moduleName": "Digioh",
        "declAttributes": [
          "AccessControl"
        ],
        "conformances": [
          {
            "kind": "Conformance",
            "name": "Decodable",
            "printedName": "Decodable",
            "usr": "s:Se",
            "mangledName": "$sSe"
          },
          {
            "kind": "Conformance",
            "name": "Encodable",
            "printedName": "Encodable",
            "usr": "s:SE",
            "mangledName": "$sSE"
          }
        ]
      }
    ],
    "json_format_version": 8
  },
  "ConstValues": [
    {
      "filePath": "\/Users\/apple\/Desktop\/Paid Project\/Fiverr\/Digioh\/Digioh\/Digioh\/BoxLoader\/BoxMapper.swift",
      "kind": "IntegerLiteral",
      "offset": 498,
      "length": 3,
      "value": "200"
    },
    {
      "filePath": "\/Users\/apple\/Desktop\/Paid Project\/Fiverr\/Digioh\/Digioh\/Digioh\/WebVC.swift",
      "kind": "StringLiteral",
      "offset": 358,
      "length": 16,
      "value": "\"Webview Screen\""
    },
    {
      "filePath": "\/Users\/apple\/Desktop\/Paid Project\/Fiverr\/Digioh\/Digioh\/Digioh\/WebVC.swift",
      "kind": "BooleanLiteral",
      "offset": 463,
      "length": 4,
      "value": "true"
    },
    {
      "filePath": "\/Users\/apple\/Desktop\/Paid Project\/Fiverr\/Digioh\/Digioh\/Digioh\/WebVC.swift",
      "kind": "StringLiteral",
      "offset": 517,
      "length": 119,
      "value": "\"https:\/\/www.lightboxcdn.com\/static\/app_view.html?user_guid=96c79477-ce36-4167-9a75-d3c0c18ebdc6&box_id=\""
    },
    {
      "filePath": "\/Users\/apple\/Desktop\/Paid Project\/Fiverr\/Digioh\/Digioh\/Digioh\/WebVC.swift",
      "kind": "StringLiteral",
      "offset": 635,
      "length": 5,
      "value": "\"\""
    },
    {
      "filePath": "\/Users\/apple\/Desktop\/Paid Project\/Fiverr\/Digioh\/Digioh\/Digioh\/WebVC.swift",
      "kind": "BooleanLiteral",
      "offset": 741,
      "length": 4,
      "value": "true"
    },
    {
      "filePath": "\/Users\/apple\/Desktop\/Paid Project\/Fiverr\/Digioh\/Digioh\/Digioh\/WebVC.swift",
      "kind": "StringLiteral",
      "offset": 1058,
      "length": 15,
      "value": "\"Strat to load\""
    },
    {
      "filePath": "\/Users\/apple\/Desktop\/Paid Project\/Fiverr\/Digioh\/Digioh\/Digioh\/WebVC.swift",
      "kind": "StringLiteral",
      "offset": 1194,
      "length": 16,
      "value": "\"finish to load\""
    },
    {
      "filePath": "\/Users\/apple\/Desktop\/Paid Project\/Fiverr\/Digioh\/Digioh\/Digioh\/Storyboarded.swift",
      "kind": "StringLiteral",
      "offset": 258,
      "length": 24,
      "value": "\"learning.ui.ios.Digioh\""
    },
    {
      "filePath": "\/Users\/apple\/Desktop\/Paid Project\/Fiverr\/Digioh\/Digioh\/Digioh\/Digioh.swift",
      "kind": "StringLiteral",
      "offset": 525,
      "length": 81,
      "value": "\"https:\/\/mobileapp.lightboxcdn.com\/mobilesdk\/checkShowBoxes?user_guid=\""
    },
    {
      "filePath": "\/Users\/apple\/Desktop\/Paid Project\/Fiverr\/Digioh\/Digioh\/Digioh\/Digioh.swift",
      "kind": "StringLiteral",
      "offset": 605,
      "length": 4,
      "value": "\"\""
    },
    {
      "filePath": "\/Users\/apple\/Desktop\/Paid Project\/Fiverr\/Digioh\/Digioh\/Digioh\/Digioh.swift",
      "kind": "StringLiteral",
      "offset": 642,
      "length": 6,
      "value": "\"POST\""
    },
    {
      "filePath": "\/Users\/apple\/Desktop\/Paid Project\/Fiverr\/Digioh\/Digioh\/Digioh\/Digioh.swift",
      "kind": "StringLiteral",
      "offset": 699,
      "length": 12,
      "value": "\"mobile_app\""
    },
    {
      "filePath": "\/Users\/apple\/Desktop\/Paid Project\/Fiverr\/Digioh\/Digioh\/Digioh\/Digioh.swift",
      "kind": "BooleanLiteral",
      "offset": 714,
      "length": 4,
      "value": "true"
    },
    {
      "filePath": "\/Users\/apple\/Desktop\/Paid Project\/Fiverr\/Digioh\/Digioh\/Digioh\/Digioh.swift",
      "kind": "StringLiteral",
      "offset": 732,
      "length": 10,
      "value": "\"platform\""
    },
    {
      "filePath": "\/Users\/apple\/Desktop\/Paid Project\/Fiverr\/Digioh\/Digioh\/Digioh\/Digioh.swift",
      "kind": "StringLiteral",
      "offset": 745,
      "length": 5,
      "value": "\"ios\""
    },
    {
      "filePath": "\/Users\/apple\/Desktop\/Paid Project\/Fiverr\/Digioh\/Digioh\/Digioh\/Digioh.swift",
      "kind": "StringLiteral",
      "offset": 764,
      "length": 13,
      "value": "\"device_type\""
    },
    {
      "filePath": "\/Users\/apple\/Desktop\/Paid Project\/Fiverr\/Digioh\/Digioh\/Digioh\/Digioh.swift",
      "kind": "StringLiteral",
      "offset": 780,
      "length": 7,
      "value": "\"phone\""
    },
    {
      "filePath": "\/Users\/apple\/Desktop\/Paid Project\/Fiverr\/Digioh\/Digioh\/Digioh\/Digioh.swift",
      "kind": "StringLiteral",
      "offset": 801,
      "length": 11,
      "value": "\"client_id\""
    },
    {
      "filePath": "\/Users\/apple\/Desktop\/Paid Project\/Fiverr\/Digioh\/Digioh\/Digioh\/Digioh.swift",
      "kind": "StringLiteral",
      "offset": 815,
      "length": 42,
      "value": "\"\""
    },
    {
      "filePath": "\/Users\/apple\/Desktop\/Paid Project\/Fiverr\/Digioh\/Digioh\/Digioh\/Digioh.swift",
      "kind": "StringLiteral",
      "offset": 856,
      "length": 2,
      "value": "\"\""
    },
    {
      "filePath": "\/Users\/apple\/Desktop\/Paid Project\/Fiverr\/Digioh\/Digioh\/Digioh\/Digioh.swift",
      "kind": "StringLiteral",
      "offset": 871,
      "length": 8,
      "value": "\"params\""
    },
    {
      "filePath": "\/Users\/apple\/Desktop\/Paid Project\/Fiverr\/Digioh\/Digioh\/Digioh\/Digioh.swift",
      "kind": "StringLiteral",
      "offset": 893,
      "length": 2,
      "value": "\"\""
    },
    {
      "filePath": "\/Users\/apple\/Desktop\/Paid Project\/Fiverr\/Digioh\/Digioh\/Digioh\/Digioh.swift",
      "kind": "Array",
      "offset": 1024,
      "length": 2,
      "value": "[]"
    },
    {
      "filePath": "\/Users\/apple\/Desktop\/Paid Project\/Fiverr\/Digioh\/Digioh\/Digioh\/Digioh.swift",
      "kind": "BooleanLiteral",
      "offset": 1682,
      "length": 4,
      "value": "true"
    }
  ]
}